schema_version,node_id,lgd_gp_code,scheme_id,ts,seq,type,battery_v,rssi_dbm,fw,val_current_a,val_voltage_v,val_state,val_frequency_hz,val_level_cm,val_level_pct,val_flow_lpm,val_totalizer_l,val_pressure_kpa,val_turbidity_ntu,val_chlorine_mgl,val_ph,val_tds_ppm
1.0,JS-UP-245123-N001,245123,SCH-UP-245123,2026-10-04T00:00:00Z,1000,pump,4.14,-67,1.0.0,0.0,415.0,0.0,50.0,,,,,,,,,
1.0,JS-UP-245123-N002,245123,SCH-UP-245123,2026-10-04T00:00:00Z,1001,esr_level,4.11,-66,1.0.0,,,,,280.0,70.0,,,,,,,
1.0,JS-UP-245123-N003,245123,SCH-UP-245123,2026-10-04T00:00:00Z,1002,flow,3.9,-76,1.0.0,,,,,,,0.0,50000.0,,,,,
1.0,JS-UP-245123-N004,245123,SCH-UP-245123,2026-10-04T00:00:00Z,1003,pressure,3.85,-80,1.0.0,,,,,,,,,100.3,,,,
1.0,JS-UP-245123-N005,245123,SCH-UP-245123,2026-10-04T00:00:00Z,1004,quality,4.14,-67,1.0.0,,,,,,,,,,1.23,0.42,7.4,244.7
1.0,JS-UP-245123-N001,245123,SCH-UP-245123,2026-10-04T01:00:00Z,1005,pump,4.07,-72,1.0.0,0.0,415.0,0.0,50.0,,,,,,,,,
1.0,JS-UP-245123-N002,245123,SCH-UP-245123,2026-10-04T01:00:00Z,1006,esr_level,4.11,-68,1.0.0,,,,,381.1,95.0,,,,,,,
1.0,JS-UP-245123-N003,245123,SCH-UP-245123,2026-10-04T01:00:00Z,1007,flow,3.84,-72,1.0.0,,,,,,,0.5,50000.0,,,,,
1.0,JS-UP-245123-N004,245123,SCH-UP-245123,2026-10-04T01:00:00Z,1008,pressure,3.98,-73,1.0.0,,,,,,,,,110.3,,,,
1.0,JS-UP-245123-N005,245123,SCH-UP-245123,2026-10-04T01:00:00Z,1009,quality,4.1,-63,1.0.0,,,,,,,,,,1.32,0.45,7.3,238.2
1.0,JS-UP-245123-N001,245123,SCH-UP-245123,2026-10-04T02:00:00Z,1010,pump,4.03,-70,1.0.0,0.0,415.0,0.0,50.0,,,,,,,,,
1.0,JS-UP-245123-N002,245123,SCH-UP-245123,2026-10-04T02:00:00Z,1011,esr_level,4.02,-69,1.0.0,,,,,380.1,95.0,,,,,,,
1.0,JS-UP-245123-N003,245123,SCH-UP-245123,2026-10-04T02:00:00Z,1012,flow,3.84,-71,1.0.0,,,,,,,0.1,50000.0,,,,,
1.0,JS-UP-245123-N004,245123,SCH-UP-245123,2026-10-04T02:00:00Z,1013,pressure,3.99,-74,1.0.0,,,,,,,,,110.5,,,,
1.0,JS-UP-245123-N005,245123,SCH-UP-245123,2026-10-04T02:00:00Z,1014,quality,4.16,-63,1.0.0,,,,,,,,,,1.13,0.46,7.4,241.1
1.0,JS-UP-245123-N001,245123,SCH-UP-245123,2026-10-04T03:00:00Z,1015,pump,4.11,-67,1.0.0,0.0,415.0,0.0,50.0,,,,,,,,,
1.0,JS-UP-245123-N002,245123,SCH-UP-245123,2026-10-04T03:00:00Z,1016,esr_level,4.06,-65,1.0.0,,,,,379.5,95.0,,,,,,,
1.0,JS-UP-245123-N003,245123,SCH-UP-245123,2026-10-04T03:00:00Z,1017,flow,3.9,-75,1.0.0,,,,,,,0.0,50000.0,,,,,
1.0,JS-UP-245123-N005,245123,SCH-UP-245123,2026-10-04T03:00:00Z,1018,quality,4.1,-63,1.0.0,,,,,,,,,,1.27,0.47,7.3,237.7
1.0,JS-UP-245123-N001,245123,SCH-UP-245123,2026-10-04T04:00:00Z,1019,pump,4.03,-72,1.0.0,0.0,415.0,0.0,50.0,,,,,,,,,
1.0,JS-UP-245123-N002,245123,SCH-UP-245123,2026-10-04T04:00:00Z,1020,esr_level,4.0,-69,1.0.0,,,,,379.2,95.0,,,,,,,
1.0,JS-UP-245123-N003,245123,SCH-UP-245123,2026-10-04T04:00:00Z,1021,flow,3.86,-71,1.0.0,,,,,,,29.9,51800.0,,,,,
1.0,JS-UP-245123-N004,245123,SCH-UP-245123,2026-10-04T04:00:00Z,1022,pressure,3.98,-75,1.0.0,,,,,,,,,109.7,,,,
1.0,JS-UP-245123-N005,245123,SCH-UP-245123,2026-10-04T04:00:00Z,1023,quality,4.11,-66,1.0.0,,,,,,,,,,1.15,0.45,7.4,242.2
1.0,JS-UP-245123-N001,245123,SCH-UP-245123,2026-10-04T05:00:00Z,1024,pump,4.18,-70,1.0.0,14.5,415.0,1.0,50.0,,,,,,,,,
1.0,JS-UP-245123-N002,245123,SCH-UP-245123,2026-10-04T05:00:00Z,1025,esr_level,4.06,-67,1.0.0,,,,,373.8,93.4,,,,,,,
1.0,JS-UP-245123-N003,245123,SCH-UP-245123,2026-10-04T05:00:00Z,1026,flow,3.92,-72,1.0.0,,,,,,,239.4,66200.0,,,,,
1.0,JS-UP-245123-N004,245123,SCH-UP-245123,2026-10-04T05:00:00Z,1027,pressure,3.92,-80,1.0.0,,,,,,,,,107.0,,,,
1.0,JS-UP-245123-N005,245123,SCH-UP-245123,2026-10-04T05:00:00Z,1028,quality,4.12,-67,1.0.0,,,,,,,,,,1.28,0.4,7.4,241.2
1.0,JS-UP-245123-N001,245123,SCH-UP-245123,2026-10-04T06:00:00Z,1029,pump,4.12,-72,1.0.0,14.5,415.0,1.0,50.0,,,,,,,,,
1.0,JS-UP-245123-N002,245123,SCH-UP-245123,2026-10-04T06:00:00Z,1030,esr_level,4.06,-71,1.0.0,,,,,323.7,80.7,,,,,,,
1.0,JS-UP-245123-N003,245123,SCH-UP-245123,2026-10-04T06:00:00Z,1031,flow,3.85,-74,1.0.0,,,,,,,1071.3,130418.0,,,,,
1.0,JS-UP-245123-N004,245123,SCH-UP-245123,2026-10-04T06:00:00Z,1032,pressure,3.88,-79,1.0.0,,,,,,,,,64.4,,,,
1.0,JS-UP-245123-N005,245123,SCH-UP-245123,2026-10-04T06:00:00Z,1033,quality,4.14,-68,1.0.0,,,,,,,,,,1.16,0.41,7.4,238.9
1.0,JS-UP-245123-N001,245123,SCH-UP-245123,2026-10-04T07:00:00Z,1034,pump,4.15,-68,1.0.0,14.5,415.0,1.0,50.0,,,,,,,,,
1.0,JS-UP-245123-N002,245123,SCH-UP-245123,2026-10-04T07:00:00Z,1035,esr_level,4.05,-70,1.0.0,,,,,262.1,65.4,,,,,,,
1.0,JS-UP-245123-N003,245123,SCH-UP-245123,2026-10-04T07:00:00Z,1036,flow,3.86,-77,1.0.0,,,,,,,1351.0,211538.0,,,,,
1.0,JS-UP-245123-N004,245123,SCH-UP-245123,2026-10-04T07:00:00Z,1037,pressure,3.9,-77,1.0.0,,,,,,,,,41.8,,,,
1.0,JS-UP-245123-N005,245123,SCH-UP-245123,2026-10-04T07:00:00Z,1038,quality,4.21,-64,1.0.0,,,,,,,,,,1.21,0.48,7.3,234.1
1.0,JS-UP-245123-N001,245123,SCH-UP-245123,2026-10-04T08:00:00Z,1039,pump,4.18,-64,1.0.0,14.5,415.0,1.0,50.0,,,,,,,,,
1.0,JS-UP-245123-N002,245123,SCH-UP-245123,2026-10-04T08:00:00Z,1040,esr_level,4.03,-62,1.0.0,,,,,328.1,82.2,,,,,,,
1.0,JS-UP-245123-N003,245123,SCH-UP-245123,2026-10-04T08:00:00Z,1041,flow,3.95,-76,1.0.0,,,,,,,1271.1,287792.0,,,,,
1.0,JS-UP-245123-N004,245123,SCH-UP-245123,2026-10-04T08:00:00Z,1042,pressure,4.01,-73,1.0.0,,,,,,,,,52.4,,,,
1.0,JS-UP-245123-N005,245123,SCH-UP-245123,2026-10-04T08:00:00Z,1043,quality,4.15,-65,1.0.0,,,,,,,,,,1.23,0.49,7.4,237.9
1.0,JS-UP-245123-N001,245123,SCH-UP-245123,2026-10-04T09:00:00Z,1044,pump,4.12,-71,1.0.0,0.0,415.0,0.0,50.0,,,,,,,,,
1.0,JS-UP-245123-N002,245123,SCH-UP-245123,2026-10-04T09:00:00Z,1045,esr_level,4.1,-65,1.0.0,,,,,263.2,65.8,,,,,,,
1.0,JS-UP-245123-N003,245123,SCH-UP-245123,2026-10-04T09:00:00Z,1046,flow,3.87,-76,1.0.0,,,,,,,718.4,330992.0,,,,,
1.0,JS-UP-245123-N005,245123,SCH-UP-245123,2026-10-04T09:00:00Z,1047,quality,4.16,-68,1.0.0,,,,,,,,,,0.99,0.45,7.3,233.9
1.0,JS-UP-245123-N001,245123,SCH-UP-245123,2026-10-04T10:00:00Z,1048,pump,4.06,-71,1.0.0,0.0,415.0,0.0,50.0,,,,,,,,,
1.0,JS-UP-245123-N002,245123,SCH-UP-245123,2026-10-04T10:00:00Z,1049,esr_level,4.04,-72,1.0.0,,,,,292.0,73.0,,,,,,,
1.0,JS-UP-245123-N003,245123,SCH-UP-245123,2026-10-04T10:00:00Z,1050,flow,3.99,-75,1.0.0,,,,,,,119.3,338192.0,,,,,
1.0,JS-UP-245123-N004,245123,SCH-UP-245123,2026-10-04T10:00:00Z,1051,pressure,3.91,-76,1.0.0,,,,,,,,,99.5,,,,
1.0,JS-UP-245123-N005,245123,SCH-UP-245123,2026-10-04T10:00:00Z,1052,quality,4.15,-70,1.0.0,,,,,,,,,,1.21,0.46,7.5,249.4
1.0,JS-UP-245123-N001,245123,SCH-UP-245123,2026-10-04T11:00:00Z,1053,pump,4.05,-70,1.0.0,0.0,415.0,0.0,50.0,,,,,,,,,
1.0,JS-UP-245123-N002,245123,SCH-UP-245123,2026-10-04T11:00:00Z,1054,esr_level,4.07,-69,1.0.0,,,,,266.6,66.6,,,,,,,
1.0,JS-UP-245123-N003,245123,SCH-UP-245123,2026-10-04T11:00:00Z,1055,flow,3.81,-74,1.0.0,,,,,,,59.6,341792.0,,,,,
1.0,JS-UP-245123-N004,245123,SCH-UP-245123,2026-10-04T11:00:00Z,1056,pressure,4.04,-63,1.0.0,,,,,,,,,97.8,,,,
1.0,JS-UP-245123-N005,245123,SCH-UP-245123,2026-10-04T11:00:00Z,1057,quality,4.13,-63,1.0.0,,,,,,,,,,1.05,0.51,7.3,234.5
1.0,JS-UP-245123-N001,245123,SCH-UP-245123,2026-10-04T12:00:00Z,1058,pump,4.12,-72,1.0.0,0.0,415.0,0.0,50.0,,,,,,,,,
1.0,JS-UP-245123-N002,245123,SCH-UP-245123,2026-10-04T12:00:00Z,1059,esr_level,4.06,-72,1.0.0,,,,,254.6,63.4,,,,,,,
1.0,JS-UP-245123-N003,245123,SCH-UP-245123,2026-10-04T12:00:00Z,1060,flow,3.89,-72,1.0.0,,,,,,,59.9,345392.0,,,,,
1.0,JS-UP-245123-N004,245123,SCH-UP-245123,2026-10-04T12:00:00Z,1061,pressure,3.95,-77,1.0.0,,,,,,,,,97.7,,,,
1.0,JS-UP-245123-N005,245123,SCH-UP-245123,2026-10-04T12:00:00Z,1062,quality,4.17,-68,1.0.0,,,,,,,,,,1.3,0.45,7.4,240.3
1.0,JS-UP-245123-N001,245123,SCH-UP-245123,2026-10-04T13:00:00Z,1063,pump,4.11,-69,1.0.0,0.0,415.0,0.0,50.0,,,,,,,,,
1.0,JS-UP-245123-N002,245123,SCH-UP-245123,2026-10-04T13:00:00Z,1064,esr_level,3.96,-66,1.0.0,,,,,239.6,60.2,,,,,,,
1.0,JS-UP-245123-N003,245123,SCH-UP-245123,2026-10-04T13:00:00Z,1065,flow,3.8,-71,1.0.0,,,,,,,61.8,348992.0,,,,,
1.0,JS-UP-245123-N004,245123,SCH-UP-245123,2026-10-04T13:00:00Z,1066,pressure,3.94,-76,1.0.0,,,,,,,,,96.3,,,,
1.0,JS-UP-245123-N005,245123,SCH-UP-245123,2026-10-04T13:00:00Z,1067,quality,4.11,-66,1.0.0,,,,,,,,,,1.15,0.46,7.4,238.5
1.0,JS-UP-245123-N001,245123,SCH-UP-245123,2026-10-04T14:00:00Z,1068,pump,4.07,-67,1.0.0,0.0,415.0,0.0,50.0,,,,,,,,,
1.0,JS-UP-245123-N002,245123,SCH-UP-245123,2026-10-04T14:00:00Z,1069,esr_level,4.09,-68,1.0.0,,,,,228.1,57.0,,,,,,,
1.0,JS-UP-245123-N003,245123,SCH-UP-245123,2026-10-04T14:00:00Z,1070,flow,3.92,-68,1.0.0,,,,,,,61.0,352592.0,,,,,
1.0,JS-UP-245123-N004,245123,SCH-UP-245123,2026-10-04T14:00:00Z,1071,pressure,3.97,-68,1.0.0,,,,,,,,,95.3,,,,
1.0,JS-UP-245123-N005,245123,SCH-UP-245123,2026-10-04T14:00:00Z,1072,quality,4.15,-68,1.0.0,,,,,,,,,,1.33,0.47,7.4,245.9
1.0,JS-UP-245123-N001,245123,SCH-UP-245123,2026-10-04T15:00:00Z,1073,pump,4.13,-76,1.0.0,0.0,415.0,0.0,50.0,,,,,,,,,
1.0,JS-UP-245123-N002,245123,SCH-UP-245123,2026-10-04T15:00:00Z,1074,esr_level,4.05,-66,1.0.0,,,,,215.6,53.9,,,,,,,
1.0,JS-UP-245123-N003,245123,SCH-UP-245123,2026-10-04T15:00:00Z,1075,flow,3.78,-75,1.0.0,,,,,,,119.2,359792.0,,,,,
1.0,JS-UP-245123-N004,245123,SCH-UP-245123,2026-10-04T15:00:00Z,1076,pressure,3.9,-74,1.0.0,,,,,,,,,92.2,,,,
1.0,JS-UP-245123-N005,245123,SCH-UP-245123,2026-10-04T15:00:00Z,1077,quality,4.21,-63,1.0.0,,,,,,,,,,1.15,0.5,7.4,236.5
1.0,JS-UP-245123-N001,245123,SCH-UP-245123,2026-10-04T16:00:00Z,1078,pump,4.12,-67,1.0.0,14.5,415.0,1.0,50.0,,,,,,,,,
1.0,JS-UP-245123-N002,245123,SCH-UP-245123,2026-10-04T16:00:00Z,1079,esr_level,4.04,-62,1.0.0,,,,,189.9,47.5,,,,,,,
1.0,JS-UP-245123-N003,245123,SCH-UP-245123,2026-10-04T16:00:00Z,1080,flow,3.84,-73,1.0.0,,,,,,,299.0,377792.0,,,,,
1.0,JS-UP-245123-N004,245123,SCH-UP-245123,2026-10-04T16:00:00Z,1081,pressure,3.96,-74,1.0.0,,,,,,,,,87.8,,,,
1.0,JS-UP-245123-N005,245123,SCH-UP-245123,2026-10-04T16:00:00Z,1082,quality,4.2,-62,1.0.0,,,,,,,,,,1.28,0.43,7.4,245.3
1.0,JS-UP-245123-N001,245123,SCH-UP-245123,2026-10-04T17:00:00Z,1083,pump,4.04,-74,1.0.0,14.5,415.0,1.0,50.0,,,,,,,,,
1.0,JS-UP-245123-N002,245123,SCH-UP-245123,2026-10-04T17:00:00Z,1084,esr_level,4.07,-65,1.0.0,,,,,361.2,90.1,,,,,,,
1.0,JS-UP-245123-N003,245123,SCH-UP-245123,2026-10-04T17:00:00Z,1085,flow,3.81,-80,1.0.0,,,,,,,1128.4,445490.0,,,,,
1.0,JS-UP-245123-N004,245123,SCH-UP-245123,2026-10-04T17:00:00Z,1086,pressure,3.85,-68,1.0.0,,,,,,,,,63.2,,,,
1.0,JS-UP-245123-N005,245123,SCH-UP-245123,2026-10-04T17:00:00Z,1087,quality,4.17,-62,1.0.0,,,,,,,,,,1.28,0.47,7.5,239.0
1.0,JS-UP-245123-N001,245123,SCH-UP-245123,2026-10-04T18:00:00Z,1088,pump,4.13,-70,1.0.0,14.5,415.0,1.0,50.0,,,,,,,,,
1.0,JS-UP-245123-N003,245123,SCH-UP-245123,2026-10-04T18:00:00Z,1089,flow,3.78,-77,1.0.0,,,,,,,1296.1,523244.0,,,,,
1.0,JS-UP-245123-N004,245123,SCH-UP-245123,2026-10-04T18:00:00Z,1090,pressure,3.98,-77,1.0.0,,,,,,,,,40.9,,,,
1.0,JS-UP-245123-N005,245123,SCH-UP-245123,2026-10-04T18:00:00Z,1091,quality,4.12,-62,1.0.0,,,,,,,,,,1.13,0.45,7.4,241.1
1.0,JS-UP-245123-N001,245123,SCH-UP-245123,2026-10-04T19:00:00Z,1092,pump,4.08,-67,1.0.0,14.5,415.0,1.0,50.0,,,,,,,,,
1.0,JS-UP-245123-N002,245123,SCH-UP-245123,2026-10-04T19:00:00Z,1093,esr_level,3.98,-66,1.0.0,,,,,362.0,90.7,,,,,,,
1.0,JS-UP-245123-N003,245123,SCH-UP-245123,2026-10-04T19:00:00Z,1094,flow,3.9,-74,1.0.0,,,,,,,1231.7,597188.0,,,,,
1.0,JS-UP-245123-N004,245123,SCH-UP-245123,2026-10-04T19:00:00Z,1095,pressure,4.02,-74,1.0.0,,,,,,,,,56.0,,,,
1.0,JS-UP-245123-N005,245123,SCH-UP-245123,2026-10-04T19:00:00Z,1096,quality,4.13,-66,1.0.0,,,,,,,,,,1.22,0.48,7.4,239.7
1.0,JS-UP-245123-N001,245123,SCH-UP-245123,2026-10-04T20:00:00Z,1097,pump,4.16,-68,1.0.0,0.0,415.0,0.0,50.0,,,,,,,,,
1.0,JS-UP-245123-N002,245123,SCH-UP-245123,2026-10-04T20:00:00Z,1098,esr_level,4.07,-60,1.0.0,,,,,238.8,59.6,,,,,,,
1.0,JS-UP-245123-N003,245123,SCH-UP-245123,2026-10-04T20:00:00Z,1099,flow,3.88,-73,1.0.0,,,,,,,658.2,636788.0,,,,,
1.0,JS-UP-245123-N004,245123,SCH-UP-245123,2026-10-04T20:00:00Z,1100,pressure,3.97,-69,1.0.0,,,,,,,,,79.5,,,,
1.0,JS-UP-245123-N005,245123,SCH-UP-245123,2026-10-04T20:00:00Z,1101,quality,4.16,-65,1.0.0,,,,,,,,,,1.13,0.46,7.3,241.6
1.0,JS-UP-245123-N001,245123,SCH-UP-245123,2026-10-04T21:00:00Z,1102,pump,4.12,-71,1.0.0,0.0,415.0,0.0,50.0,,,,,,,,,
1.0,JS-UP-245123-N002,245123,SCH-UP-245123,2026-10-04T21:00:00Z,1103,esr_level,4.06,-65,1.0.0,,,,,308.7,77.0,,,,,,,
1.0,JS-UP-245123-N003,245123,SCH-UP-245123,2026-10-04T21:00:00Z,1104,flow,3.93,-77,1.0.0,,,,,,,182.3,647588.0,,,,,
1.0,JS-UP-245123-N004,245123,SCH-UP-245123,2026-10-04T21:00:00Z,1105,pressure,3.89,-76,1.0.0,,,,,,,,,101.3,,,,
1.0,JS-UP-245123-N005,245123,SCH-UP-245123,2026-10-04T21:00:00Z,1106,quality,4.16,-60,1.0.0,,,,,,,,,,1.23,0.42,7.3,229.6
1.0,JS-UP-245123-N001,245123,SCH-UP-245123,2026-10-04T22:00:00Z,1107,pump,4.09,-68,1.0.0,0.0,415.0,0.0,50.0,,,,,,,,,
1.0,JS-UP-245123-N002,245123,SCH-UP-245123,2026-10-04T22:00:00Z,1108,esr_level,4.1,-75,1.0.0,,,,,270.4,67.5,,,,,,,
1.0,JS-UP-245123-N004,245123,SCH-UP-245123,2026-10-04T22:00:00Z,1109,pressure,3.91,-73,1.0.0,,,,,,,,,98.5,,,,
1.0,JS-UP-245123-N005,245123,SCH-UP-245123,2026-10-04T22:00:00Z,1110,quality,4.2,-62,1.0.0,,,,,,,,,,1.21,0.47,7.3,239.1
1.0,JS-UP-245123-N001,245123,SCH-UP-245123,2026-10-04T23:00:00Z,1111,pump,4.1,-70,1.0.0,0.0,415.0,0.0,50.0,,,,,,,,,
1.0,JS-UP-245123-N002,245123,SCH-UP-245123,2026-10-04T23:00:00Z,1112,esr_level,4.07,-65,1.0.0,,,,,262.7,65.9,,,,,,,
1.0,JS-UP-245123-N003,245123,SCH-UP-245123,2026-10-04T23:00:00Z,1113,flow,3.92,-69,1.0.0,,,,,,,0.6,649388.0,,,,,
1.0,JS-UP-245123-N004,245123,SCH-UP-245123,2026-10-04T23:00:00Z,1114,pressure,4.07,-73,1.0.0,,,,,,,,,98.2,,,,
1.0,JS-UP-245123-N005,245123,SCH-UP-245123,2026-10-04T23:00:00Z,1115,quality,4.2,-65,1.0.0,,,,,,,,,,1.13,0.4,7.2,237.3
